num_paths,mean,err
100,9957.9,455.9519272398777
250,9474.066666666666,585.3442187219865
400,8980.466666666667,338.3158603958063
