num_generations,100,250,400
500,1.7342324018478394,4.307299709320068,6.8744268894195555
1000,3.540394687652588,8.631788778305054,14.131087970733642
2000,6.697728395462036,17.203999829292297,27.99650068283081
