mutation_rate,mean,err
0.01,9470.811111111112,459.8706687858902
0.03,9563.577777777777,645.5375592564699
0.05,10835.833333333334,631.9194118653988
0.08,13416.91111111111,606.2012170595322
0.1,14554.644444444444,690.0121543967929
