Iteração,Distância_GA,Tempo_sec,Gap_Otimo_%,Melhora_vs_Prim_%
1,8493,20.749407291412354,12.609387430389818,18.35223995385503
2,8166,20.75073480606079,8.273667462211614,21.49586617958085
3,9960,21.101659059524536,32.060461416070005,4.249182849452028
4,9256,21.186235904693604,22.726067356138955,11.01711209382811
5,9742,20.869771003723145,29.16998143728454,6.344933666602576
